lilacs_index,bvs_id,year,decision,stage,reason,url
0,lil-102541,1991,Duplicate,Identification,Already included in the first search round,https://pesquisa.bvsalud.org/portal/resource/pt/lil-102541
1,lil-503178,2009,Duplicate,Identification,Already included in the first search round,https://pesquisa.bvsalud.org/portal/resource/pt/lil-503178
2,lil-529847,2008,Included,Eligibility,,https://pesquisa.bvsalud.org/portal/resource/pt/lil-529847
3,lil-512916,2009,Included,Eligibility,,https://pesquisa.bvsalud.org/portal/resource/pt/lil-512916
4,lil-471336,2007,Included,Eligibility,,https://pesquisa.bvsalud.org/portal/resource/pt/lil-471336
5,lil-495716,2008,Included,Eligibility,,https://pesquisa.bvsalud.org/portal/resource/pt/lil-495716
6,lil-452621,2007,Duplicate,Identification,Already included in the first search round,https://pesquisa.bvsalud.org/portal/resource/pt/lil-452621
7,lil-218600,1998,Excluded,Screening,"Not a journal article (thesis, book, proceedings or technical document)",https://pesquisa.bvsalud.org/portal/resource/pt/lil-218600
8,lil-73924,1984,Excluded,Screening,"Not a journal article (thesis, book, proceedings or technical document)",https://pesquisa.bvsalud.org/portal/resource/pt/lil-73924
9,lil-662845,2013,Duplicate,Identification,Already included in the first search round,https://pesquisa.bvsalud.org/portal/resource/pt/lil-662845
10,lil-517705,2009,Included,Eligibility,,https://pesquisa.bvsalud.org/portal/resource/pt/lil-517705
11,lil-274879,2000,Duplicate,Identification,Already included in the first search round,https://pesquisa.bvsalud.org/portal/resource/pt/lil-274879
12,biblio-1143858,2020,Duplicate,Identification,Already included in the first search round,https://pesquisa.bvsalud.org/portal/resource/pt/biblio-1143858
13,lil-339571,2003,Duplicate,Identification,Already included in the first search round,https://pesquisa.bvsalud.org/portal/resource/pt/lil-339571
14,lil-407837,2005,Duplicate,Identification,Already included in the first search round,https://pesquisa.bvsalud.org/portal/resource/pt/lil-407837
15,lil-245584,1997,Included,Eligibility,,https://pesquisa.bvsalud.org/portal/resource/pt/lil-245584
16,lil-499303,2006,Excluded,Screening,"Not a journal article (thesis, book, proceedings or technical document)",https://pesquisa.bvsalud.org/portal/resource/pt/lil-499303
17,lil-736315,2014,Included,Eligibility,,https://pesquisa.bvsalud.org/portal/resource/pt/lil-736315
18,lil-72558,1988,Included,Eligibility,,https://pesquisa.bvsalud.org/portal/resource/pt/lil-72558
19,lil-253818,1999,Duplicate,Identification,Already included in the first search round,https://pesquisa.bvsalud.org/portal/resource/pt/lil-253818
20,lil-248905,1998,Excluded,Screening,"Not a journal article (thesis, book, proceedings or technical document)",https://pesquisa.bvsalud.org/portal/resource/pt/lil-248905
21,lil-596596,2011,Duplicate,Identification,Already included in the first search round,https://pesquisa.bvsalud.org/portal/resource/pt/lil-596596
22,lil-385214,2004,Duplicate,Identification,Already included in the first search round,https://pesquisa.bvsalud.org/portal/resource/pt/lil-385214
23,lil-248903,1998,Excluded,Screening,"Not a journal article (thesis, book, proceedings or technical document)",https://pesquisa.bvsalud.org/portal/resource/pt/lil-248903
24,lil-492656,2008,Duplicate,Identification,Already included in the first search round,https://pesquisa.bvsalud.org/portal/resource/pt/lil-492656
25,lil-456317,2007,Duplicate,Identification,Already included in the first search round,https://pesquisa.bvsalud.org/portal/resource/pt/lil-456317
26,biblio-1041396,2017,Excluded,Screening,Other disease or condition as main outcome,https://pesquisa.bvsalud.org/portal/resource/pt/biblio-1041396
27,lil-507319,2009,Duplicate,Identification,Already included in the first search round,https://pesquisa.bvsalud.org/portal/resource/pt/lil-507319
28,lil-239036,1999,Included,Eligibility,,https://pesquisa.bvsalud.org/portal/resource/pt/lil-239036
29,lil-365857,2004,Excluded,Screening,"Editorial, opinion, letter or narrative piece without original data",https://pesquisa.bvsalud.org/portal/resource/pt/lil-365857
30,lil-245587,1997,Excluded,Screening,"Editorial, opinion, letter or narrative piece without original data",https://pesquisa.bvsalud.org/portal/resource/pt/lil-245587
31,biblio-1101013,2020,Duplicate,Identification,Already included in the first search round,https://pesquisa.bvsalud.org/portal/resource/pt/biblio-1101013
32,lil-555995,2010,Duplicate,Identification,Already included in the first search round,https://pesquisa.bvsalud.org/portal/resource/pt/lil-555995
33,lil-558110,2010,Excluded,Screening,"Not a journal article (thesis, book, proceedings or technical document)",https://pesquisa.bvsalud.org/portal/resource/pt/lil-558110
34,lil-785210,2016,Excluded,Screening,"Editorial, opinion, letter or narrative piece without original data",https://pesquisa.bvsalud.org/portal/resource/pt/lil-785210
35,biblio-1286304,2021,Included,Eligibility,,https://pesquisa.bvsalud.org/portal/resource/pt/biblio-1286304
36,lil-611769,2011,Excluded,Screening,Other disease or condition as main outcome,https://pesquisa.bvsalud.org/portal/resource/pt/lil-611769
37,lil-545784,2010,Included,Eligibility,,https://pesquisa.bvsalud.org/portal/resource/pt/lil-545784
38,lil-137832,1994,Duplicate,Identification,Already included in the first search round,https://pesquisa.bvsalud.org/portal/resource/pt/lil-137832
39,lil-498370,2008,Excluded,Screening,"Editorial, opinion, letter or narrative piece without original data",https://pesquisa.bvsalud.org/portal/resource/pt/lil-498370
40,biblio-1124767,2020,Duplicate,Identification,Already included in the first search round,https://pesquisa.bvsalud.org/portal/resource/pt/biblio-1124767
41,lil-495727,2008,Included,Eligibility,,https://pesquisa.bvsalud.org/portal/resource/pt/lil-495727
42,biblio-1289859,2021,Included,Eligibility,,https://pesquisa.bvsalud.org/portal/resource/pt/biblio-1289859
43,lil-36072,1986,Duplicate,Identification,Already included in the first search round,https://pesquisa.bvsalud.org/portal/resource/pt/lil-36072
44,lil-422076,2006,Included,Eligibility,,https://pesquisa.bvsalud.org/portal/resource/pt/lil-422076
45,lil-247334,1997,Excluded,Screening,"Editorial, opinion, letter or narrative piece without original data",https://pesquisa.bvsalud.org/portal/resource/pt/lil-247334
46,lil-770118,2015,Duplicate,Identification,Already included in the first search round,https://pesquisa.bvsalud.org/portal/resource/pt/lil-770118
47,biblio-839658,2017,Included,Eligibility,,https://pesquisa.bvsalud.org/portal/resource/pt/biblio-839658
48,lil-330921,2002,Duplicate,Identification,Already included in the first search round,https://pesquisa.bvsalud.org/portal/resource/pt/lil-330921
49,biblio-1041395,2017,Included,Eligibility,,https://pesquisa.bvsalud.org/portal/resource/pt/biblio-1041395
50,lil-128369,1988,Excluded,Screening,"Not a journal article (thesis, book, proceedings or technical document)",https://pesquisa.bvsalud.org/portal/resource/pt/lil-128369
51,lil-491971,2008,Included,Eligibility,,https://pesquisa.bvsalud.org/portal/resource/pt/lil-491971
52,lil-625169,2012,Included,Eligibility,,https://pesquisa.bvsalud.org/portal/resource/pt/lil-625169
53,lil-365617,2004,Duplicate,Identification,Already included in the first search round,https://pesquisa.bvsalud.org/portal/resource/pt/lil-365617
54,lil-248904,1998,Excluded,Screening,"Not a journal article (thesis, book, proceedings or technical document)",https://pesquisa.bvsalud.org/portal/resource/pt/lil-248904
55,lil-461976,2001,Duplicate,Identification,Already included in the first search round,https://pesquisa.bvsalud.org/portal/resource/pt/lil-461976
56,lil-278051,1999,Included,Eligibility,,https://pesquisa.bvsalud.org/portal/resource/pt/lil-278051
57,lil-235188,1999,Duplicate,Identification,Already included in the first search round,https://pesquisa.bvsalud.org/portal/resource/pt/lil-235188
58,lil-60948,1988,Excluded,Screening,Not specific to Brazil,https://pesquisa.bvsalud.org/portal/resource/pt/lil-60948
59,lil-165524,1995,Duplicate,Identification,Already included in the first search round,https://pesquisa.bvsalud.org/portal/resource/pt/lil-165524
60,biblio-1285828,2021,Duplicate,Identification,Already included in the first search round,https://pesquisa.bvsalud.org/portal/resource/pt/biblio-1285828
61,lil-592261,2010,Included,Eligibility,,https://pesquisa.bvsalud.org/portal/resource/pt/lil-592261
62,lil-723986,2014,Excluded,Screening,Other disease or condition as main outcome,https://pesquisa.bvsalud.org/portal/resource/pt/lil-723986
63,lil-13925,1983,Duplicate,Identification,Already included in the first search round,https://pesquisa.bvsalud.org/portal/resource/pt/lil-13925
64,lil-390703,2004,Duplicate,Identification,Already included in the first search round,https://pesquisa.bvsalud.org/portal/resource/pt/lil-390703
65,biblio-1154866,2020,Excluded,Screening,Other disease or condition as main outcome,https://pesquisa.bvsalud.org/portal/resource/pt/biblio-1154866
66,biblio-1285844,2021,Included,Eligibility,,https://pesquisa.bvsalud.org/portal/resource/pt/biblio-1285844
67,lil-365618,2004,Duplicate,Identification,Already included in the first search round,https://pesquisa.bvsalud.org/portal/resource/pt/lil-365618
68,lil-481444,2008,Excluded,Screening,"Editorial, opinion, letter or narrative piece without original data",https://pesquisa.bvsalud.org/portal/resource/pt/lil-481444
69,biblio-978989,2018,Included,Eligibility,,https://pesquisa.bvsalud.org/portal/resource/pt/biblio-978989
70,lil-697827,2013,Excluded,Screening,Not specific to Brazil,https://pesquisa.bvsalud.org/portal/resource/pt/lil-697827
71,lil-596651,2010,Included,Eligibility,,https://pesquisa.bvsalud.org/portal/resource/pt/lil-596651
72,lil-774131,2014,Excluded,Screening,"Not a journal article (thesis, book, proceedings or technical document)",https://pesquisa.bvsalud.org/portal/resource/pt/lil-774131
73,lil-447634,2006,Excluded,Screening,Not specific to Brazil,https://pesquisa.bvsalud.org/portal/resource/pt/lil-447634
74,biblio-1586568,2024,Included,Eligibility,,https://pesquisa.bvsalud.org/portal/resource/pt/biblio-1586568
75,lil-772124,2015,Included,Eligibility,,https://pesquisa.bvsalud.org/portal/resource/pt/lil-772124
76,lil-748863,2015,Duplicate,Identification,Already included in the first search round,https://pesquisa.bvsalud.org/portal/resource/pt/lil-748863
77,lil-688788,2013,Included,Eligibility,,https://pesquisa.bvsalud.org/portal/resource/pt/lil-688788
78,lil-307524,2002,Included,Eligibility,,https://pesquisa.bvsalud.org/portal/resource/pt/lil-307524
79,biblio-1152795,2021,Excluded,Screening,Other disease or condition as main outcome,https://pesquisa.bvsalud.org/portal/resource/pt/biblio-1152795
80,biblio-1155559,2021,Included,Eligibility,,https://pesquisa.bvsalud.org/portal/resource/pt/biblio-1155559
81,biblio-1663096,2025,Included,Eligibility,,https://pesquisa.bvsalud.org/portal/resource/pt/biblio-1663096
82,lil-261782,2000,Included,Eligibility,,https://pesquisa.bvsalud.org/portal/resource/pt/lil-261782
83,lil-496543,2008,Included,Eligibility,,https://pesquisa.bvsalud.org/portal/resource/pt/lil-496543
84,lil-637587,2007,Excluded,Screening,Not specific to Brazil,https://pesquisa.bvsalud.org/portal/resource/pt/lil-637587
85,biblio-1101438,2020,Excluded,Screening,Other disease or condition as main outcome,https://pesquisa.bvsalud.org/portal/resource/pt/biblio-1101438
86,lil-217898,1998,Included,Eligibility,,https://pesquisa.bvsalud.org/portal/resource/pt/lil-217898
87,lil-595437,1998,Excluded,Screening,"Editorial, opinion, letter or narrative piece without original data",https://pesquisa.bvsalud.org/portal/resource/pt/lil-595437
88,biblio-910494,2017,Included,Eligibility,,https://pesquisa.bvsalud.org/portal/resource/pt/biblio-910494
89,biblio-1414827,2023,Included,Eligibility,,https://pesquisa.bvsalud.org/portal/resource/pt/biblio-1414827
90,lil-319888,1995,Included,Eligibility,,https://pesquisa.bvsalud.org/portal/resource/pt/lil-319888
91,biblio-835228,2016,Included,Eligibility,,https://pesquisa.bvsalud.org/portal/resource/pt/biblio-835228
92,biblio-1620551,2025,Included,Eligibility,,https://pesquisa.bvsalud.org/portal/resource/pt/biblio-1620551
93,lil-691422,2013,Included,Eligibility,,https://pesquisa.bvsalud.org/portal/resource/pt/lil-691422
94,lil-473289,2007,Included,Eligibility,,https://pesquisa.bvsalud.org/portal/resource/pt/lil-473289
95,lil-703642,2014,Duplicate,Identification,Already included in the first search round,https://pesquisa.bvsalud.org/portal/resource/pt/lil-703642
96,lil-320623,1992,Duplicate,Identification,Already included in the first search round,https://pesquisa.bvsalud.org/portal/resource/pt/lil-320623
97,biblio-961687,2017,Excluded,Screening,Not specific to Brazil,https://pesquisa.bvsalud.org/portal/resource/pt/biblio-961687
98,biblio-1626269,2025,Included,Eligibility,,https://pesquisa.bvsalud.org/portal/resource/pt/biblio-1626269
99,biblio-1047609,2019,Excluded,Screening,"Editorial, opinion, letter or narrative piece without original data",https://pesquisa.bvsalud.org/portal/resource/pt/biblio-1047609
100,biblio-1156025,2021,Duplicate,Identification,Already included in the first search round,https://pesquisa.bvsalud.org/portal/resource/pt/biblio-1156025
101,lil-441995,2007,Duplicate,Identification,Already included in the first search round,https://pesquisa.bvsalud.org/portal/resource/pt/lil-441995
102,lil-774231,2014,Excluded,Screening,"Not a journal article (thesis, book, proceedings or technical document)",https://pesquisa.bvsalud.org/portal/resource/pt/lil-774231
103,biblio-875797,2017,Excluded,Screening,"Not a journal article (thesis, book, proceedings or technical document)",https://pesquisa.bvsalud.org/portal/resource/pt/biblio-875797
104,biblio-1399478,2022,Included,Eligibility,,https://pesquisa.bvsalud.org/portal/resource/pt/biblio-1399478
105,biblio-1406226,2022,Excluded,Screening,"General review, education, knowledge/attitudes or research-system topic",https://pesquisa.bvsalud.org/portal/resource/pt/biblio-1406226
106,lil-767818,2015,Duplicate,Identification,Already included in the first search round,https://pesquisa.bvsalud.org/portal/resource/pt/lil-767818
107,lil-500271,2008,Included,Eligibility,,https://pesquisa.bvsalud.org/portal/resource/pt/lil-500271
108,biblio-1416916,2022,Excluded,Screening,"Not a journal article (thesis, book, proceedings or technical document)",https://pesquisa.bvsalud.org/portal/resource/pt/biblio-1416916
109,biblio-962405,2018,Duplicate,Identification,Already included in the first search round,https://pesquisa.bvsalud.org/portal/resource/pt/biblio-962405
110,biblio-1387367,2016,Excluded,Screening,Not specific to Brazil,https://pesquisa.bvsalud.org/portal/resource/pt/biblio-1387367
111,biblio-879829,2012,Included,Eligibility,,https://pesquisa.bvsalud.org/portal/resource/pt/biblio-879829
112,biblio-903472,2018,Included,Eligibility,,https://pesquisa.bvsalud.org/portal/resource/pt/biblio-903472
113,lil-108980,1991,Excluded,Screening,"General review, education, knowledge/attitudes or research-system topic",https://pesquisa.bvsalud.org/portal/resource/pt/lil-108980
114,biblio-1124290,2020,Excluded,Screening,Not specific to Brazil,https://pesquisa.bvsalud.org/portal/resource/pt/biblio-1124290
115,lil-788867,2016,Included,Eligibility,,https://pesquisa.bvsalud.org/portal/resource/pt/lil-788867
116,lil-656426,2012,Included,Eligibility,,https://pesquisa.bvsalud.org/portal/resource/pt/lil-656426
117,biblio-977117,2019,Excluded,Screening,Other disease or condition as main outcome,https://pesquisa.bvsalud.org/portal/resource/pt/biblio-977117
118,biblio-976230,2018,Duplicate,Identification,Already included in the first search round,https://pesquisa.bvsalud.org/portal/resource/pt/biblio-976230
119,lil-668248,2012,Included,Eligibility,,https://pesquisa.bvsalud.org/portal/resource/pt/lil-668248
120,lil-589566,2010,Excluded,Screening,"Not a journal article (thesis, book, proceedings or technical document)",https://pesquisa.bvsalud.org/portal/resource/pt/lil-589566
121,lil-773562,2016,Included,Eligibility,,https://pesquisa.bvsalud.org/portal/resource/pt/lil-773562
122,lil-155803,1994,Excluded,Screening,"Vector, entomological or laboratory study without epidemic data",https://pesquisa.bvsalud.org/portal/resource/pt/lil-155803
123,lil-344896,2003,Duplicate,Identification,Already included in the first search round,https://pesquisa.bvsalud.org/portal/resource/pt/lil-344896
124,biblio-831855,2016,Excluded,Screening,"Editorial, opinion, letter or narrative piece without original data",https://pesquisa.bvsalud.org/portal/resource/pt/biblio-831855
125,biblio-1563630,2024,Excluded,Screening,"Editorial, opinion, letter or narrative piece without original data",https://pesquisa.bvsalud.org/portal/resource/pt/biblio-1563630
126,lil-191202,1997,Excluded,Screening,"Vector, entomological or laboratory study without epidemic data",https://pesquisa.bvsalud.org/portal/resource/pt/lil-191202
127,biblio-894542,2018,Excluded,Screening,Not specific to Brazil,https://pesquisa.bvsalud.org/portal/resource/pt/biblio-894542
128,lil-545767,2010,Included,Eligibility,,https://pesquisa.bvsalud.org/portal/resource/pt/lil-545767
129,lil-538946,2010,Included,Eligibility,,https://pesquisa.bvsalud.org/portal/resource/pt/lil-538946
130,lil-794632,2016,Included,Eligibility,,https://pesquisa.bvsalud.org/portal/resource/pt/lil-794632
131,lil-640421,2012,Excluded,Screening,"Editorial, opinion, letter or narrative piece without original data",https://pesquisa.bvsalud.org/portal/resource/pt/lil-640421
132,lil-648561,2012,Included,Eligibility,,https://pesquisa.bvsalud.org/portal/resource/pt/lil-648561
133,lil-762994,2015,Included,Eligibility,,https://pesquisa.bvsalud.org/portal/resource/pt/lil-762994
134,lil-779356,2016,Excluded,Screening,"General review, education, knowledge/attitudes or research-system topic",https://pesquisa.bvsalud.org/portal/resource/pt/lil-779356
135,biblio-1425870,2020,Included,Eligibility,,https://pesquisa.bvsalud.org/portal/resource/pt/biblio-1425870
136,biblio-984252,2018,Included,Eligibility,,https://pesquisa.bvsalud.org/portal/resource/pt/biblio-984252
137,lil-732979,2014,Duplicate,Identification,Already included in the first search round,https://pesquisa.bvsalud.org/portal/resource/pt/lil-732979
138,biblio-896318,2017,Included,Eligibility,,https://pesquisa.bvsalud.org/portal/resource/pt/biblio-896318
139,lil-535301,2009,Included,Eligibility,,https://pesquisa.bvsalud.org/portal/resource/pt/lil-535301
140,biblio-859695,2017,Included,Eligibility,,https://pesquisa.bvsalud.org/portal/resource/pt/biblio-859695
141,lil-101233,1991,Included,Eligibility,,https://pesquisa.bvsalud.org/portal/resource/pt/lil-101233
142,biblio-1103032,2016,Excluded,Screening,Other disease or condition as main outcome,https://pesquisa.bvsalud.org/portal/resource/pt/biblio-1103032
143,biblio-1708444,2026,Excluded,Screening,"Not a journal article (thesis, book, proceedings or technical document)",https://pesquisa.bvsalud.org/portal/resource/pt/biblio-1708444
144,lil-678775,2012,Excluded,Screening,"Not a journal article (thesis, book, proceedings or technical document)",https://pesquisa.bvsalud.org/portal/resource/pt/lil-678775
145,biblio-977105,2018,Included,Eligibility,,https://pesquisa.bvsalud.org/portal/resource/pt/biblio-977105
146,lil-402668,2005,Duplicate,Identification,Already included in the first search round,https://pesquisa.bvsalud.org/portal/resource/pt/lil-402668
147,biblio-1104100,2020,Excluded,Screening,"Not a journal article (thesis, book, proceedings or technical document)",https://pesquisa.bvsalud.org/portal/resource/pt/biblio-1104100
148,biblio-828766,2016,Duplicate,Identification,Already included in the first search round,https://pesquisa.bvsalud.org/portal/resource/pt/biblio-828766
149,biblio-832999,2017,Included,Eligibility,,https://pesquisa.bvsalud.org/portal/resource/pt/biblio-832999
150,lil-539658,2009,Included,Eligibility,,https://pesquisa.bvsalud.org/portal/resource/pt/lil-539658
151,biblio-842823,2017,Included,Eligibility,,https://pesquisa.bvsalud.org/portal/resource/pt/biblio-842823
152,lil-730871,2014,Excluded,Screening,"Not a journal article (thesis, book, proceedings or technical document)",https://pesquisa.bvsalud.org/portal/resource/pt/lil-730871
153,biblio-1401261,2022,Excluded,Screening,"Not a journal article (thesis, book, proceedings or technical document)",https://pesquisa.bvsalud.org/portal/resource/pt/biblio-1401261
154,biblio-837282,2013,Excluded,Screening,"Not a journal article (thesis, book, proceedings or technical document)",https://pesquisa.bvsalud.org/portal/resource/pt/biblio-837282
155,biblio-1707851,2024,Included,Eligibility,,https://pesquisa.bvsalud.org/portal/resource/pt/biblio-1707851
156,biblio-1041413,2017,Included,Eligibility,,https://pesquisa.bvsalud.org/portal/resource/pt/biblio-1041413
157,biblio-953376,2018,Duplicate,Identification,Already included in the first search round,https://pesquisa.bvsalud.org/portal/resource/pt/biblio-953376
158,biblio-906244,2017,Excluded,Screening,"Not a journal article (thesis, book, proceedings or technical document)",https://pesquisa.bvsalud.org/portal/resource/pt/biblio-906244
159,biblio-894869,2017,Excluded,Eligibility,"Editorial, opinion, letter or narrative piece without original data",https://pesquisa.bvsalud.org/portal/resource/pt/biblio-894869
160,lil-243243,1999,Included,Eligibility,,https://pesquisa.bvsalud.org/portal/resource/pt/lil-243243
161,lil-471854,2007,Duplicate,Identification,Already included in the first search round,https://pesquisa.bvsalud.org/portal/resource/pt/lil-471854
162,lil-564284,2010,Excluded,Screening,Other disease or condition as main outcome,https://pesquisa.bvsalud.org/portal/resource/pt/lil-564284
163,lil-516000,2008,Included,Eligibility,,https://pesquisa.bvsalud.org/portal/resource/pt/lil-516000
164,biblio-1020445,2019,Included,Eligibility,,https://pesquisa.bvsalud.org/portal/resource/pt/biblio-1020445
165,lil-154367,1995,Included,Eligibility,,https://pesquisa.bvsalud.org/portal/resource/pt/lil-154367
166,biblio-1001775,2019,Included,Eligibility,,https://pesquisa.bvsalud.org/portal/resource/pt/biblio-1001775
167,biblio-1145129,2020,Included,Eligibility,,https://pesquisa.bvsalud.org/portal/resource/pt/biblio-1145129
168,lil-165526,1995,Duplicate,Identification,Already included in the first search round,https://pesquisa.bvsalud.org/portal/resource/pt/lil-165526
169,lil-520697,2008,Excluded,Screening,"Not a journal article (thesis, book, proceedings or technical document)",https://pesquisa.bvsalud.org/portal/resource/pt/lil-520697
170,lil-649813,2012,Included,Eligibility,,https://pesquisa.bvsalud.org/portal/resource/pt/lil-649813
171,biblio-1695872,2026,Included,Eligibility,,https://pesquisa.bvsalud.org/portal/resource/pt/biblio-1695872
172,lil-653354,2012,Included,Eligibility,,https://pesquisa.bvsalud.org/portal/resource/pt/lil-653354
173,lil-591655,2011,Excluded,Screening,"Not a journal article (thesis, book, proceedings or technical document)",https://pesquisa.bvsalud.org/portal/resource/pt/lil-591655
174,biblio-1340823,2021,Included,Eligibility,,https://pesquisa.bvsalud.org/portal/resource/pt/biblio-1340823
175,lil-520090,2007,Excluded,Screening,"Editorial, opinion, letter or narrative piece without original data",https://pesquisa.bvsalud.org/portal/resource/pt/lil-520090
176,lil-619581,2012,Included,Eligibility,,https://pesquisa.bvsalud.org/portal/resource/pt/lil-619581
177,lil-415434,2005,Excluded,Screening,"Not a journal article (thesis, book, proceedings or technical document)",https://pesquisa.bvsalud.org/portal/resource/pt/lil-415434
178,biblio-955113,2018,Included,Eligibility,,https://pesquisa.bvsalud.org/portal/resource/pt/biblio-955113
179,lil-493800,2007,Excluded,Screening,"Not a journal article (thesis, book, proceedings or technical document)",https://pesquisa.bvsalud.org/portal/resource/pt/lil-493800
180,lil-725832,2014,Included,Eligibility,,https://pesquisa.bvsalud.org/portal/resource/pt/lil-725832
181,biblio-896981,2017,Included,Eligibility,,https://pesquisa.bvsalud.org/portal/resource/pt/biblio-896981
182,lil-530643,2008,Included,Eligibility,,https://pesquisa.bvsalud.org/portal/resource/pt/lil-530643
183,biblio-890554,2018,Excluded,Screening,"General review, education, knowledge/attitudes or research-system topic",https://pesquisa.bvsalud.org/portal/resource/pt/biblio-890554
184,lil-298896,2001,Duplicate,Identification,Already included in the first search round,https://pesquisa.bvsalud.org/portal/resource/pt/lil-298896
185,lil-155840,1994,Excluded,Screening,"General review, education, knowledge/attitudes or research-system topic",https://pesquisa.bvsalud.org/portal/resource/pt/lil-155840
186,lil-507322,2009,Included,Eligibility,,https://pesquisa.bvsalud.org/portal/resource/pt/lil-507322
187,lil-649815,2012,Excluded,Eligibility,Clinical or other topic not related to an epidemic,https://pesquisa.bvsalud.org/portal/resource/pt/lil-649815
188,lil-640442,2012,Included,Eligibility,,https://pesquisa.bvsalud.org/portal/resource/pt/lil-640442
189,lil-784529,2013,Excluded,Screening,"Not a journal article (thesis, book, proceedings or technical document)",https://pesquisa.bvsalud.org/portal/resource/pt/lil-784529
190,lil-643283,2012,Excluded,Screening,"Not a journal article (thesis, book, proceedings or technical document)",https://pesquisa.bvsalud.org/portal/resource/pt/lil-643283
191,lil-545586,2010,Excluded,Eligibility,Clinical or other topic not related to an epidemic,https://pesquisa.bvsalud.org/portal/resource/pt/lil-545586
192,lil-734203,2008,Excluded,Screening,"Not a journal article (thesis, book, proceedings or technical document)",https://pesquisa.bvsalud.org/portal/resource/pt/lil-734203
193,lil-527320,2008,Excluded,Screening,"Not a journal article (thesis, book, proceedings or technical document)",https://pesquisa.bvsalud.org/portal/resource/pt/lil-527320
194,lil-242868,1999,Excluded,Screening,"Not a journal article (thesis, book, proceedings or technical document)",https://pesquisa.bvsalud.org/portal/resource/pt/lil-242868
195,lil-611748,2011,Included,Eligibility,,https://pesquisa.bvsalud.org/portal/resource/pt/lil-611748
196,lil-689981,2013,Included,Eligibility,,https://pesquisa.bvsalud.org/portal/resource/pt/lil-689981
197,biblio-1283526,2020,Included,Eligibility,,https://pesquisa.bvsalud.org/portal/resource/pt/biblio-1283526
198,lil-643477,2008,Excluded,Screening,"Not a journal article (thesis, book, proceedings or technical document)",https://pesquisa.bvsalud.org/portal/resource/pt/lil-643477
199,biblio-1579041,2008,Excluded,Screening,"Not a journal article (thesis, book, proceedings or technical document)",https://pesquisa.bvsalud.org/portal/resource/pt/biblio-1579041
200,lil-198287,1997,Excluded,Screening,"Not a journal article (thesis, book, proceedings or technical document)",https://pesquisa.bvsalud.org/portal/resource/pt/lil-198287
201,lil-596591,2011,Included,Eligibility,,https://pesquisa.bvsalud.org/portal/resource/pt/lil-596591
202,lil-646891,2012,Included,Eligibility,,https://pesquisa.bvsalud.org/portal/resource/pt/lil-646891
203,lil-596614,2011,Included,Eligibility,,https://pesquisa.bvsalud.org/portal/resource/pt/lil-596614
204,biblio-980421,2018,Excluded,Screening,"General review, education, knowledge/attitudes or research-system topic",https://pesquisa.bvsalud.org/portal/resource/pt/biblio-980421
205,lil-774575,2016,Excluded,Screening,Clinical or other topic not related to an epidemic,https://pesquisa.bvsalud.org/portal/resource/pt/lil-774575
206,lil-507359,2009,Included,Eligibility,,https://pesquisa.bvsalud.org/portal/resource/pt/lil-507359
207,lil-792985,2016,Excluded,Screening,"General review, education, knowledge/attitudes or research-system topic",https://pesquisa.bvsalud.org/portal/resource/pt/lil-792985
208,lil-762500,2014,Excluded,Screening,"Not a journal article (thesis, book, proceedings or technical document)",https://pesquisa.bvsalud.org/portal/resource/pt/lil-762500
209,lil-562999,2010,Excluded,Eligibility,Other disease or condition as main outcome,https://pesquisa.bvsalud.org/portal/resource/pt/lil-562999
210,biblio-985154,2019,Included,Eligibility,,https://pesquisa.bvsalud.org/portal/resource/pt/biblio-985154
211,lil-789550,2016,Included,Eligibility,,https://pesquisa.bvsalud.org/portal/resource/pt/lil-789550
212,lil-523580,2005,Excluded,Screening,"Not a journal article (thesis, book, proceedings or technical document)",https://pesquisa.bvsalud.org/portal/resource/pt/lil-523580
213,lil-242902,1999,Included,Eligibility,,https://pesquisa.bvsalud.org/portal/resource/pt/lil-242902
214,biblio-1426182,2020,Included,Eligibility,,https://pesquisa.bvsalud.org/portal/resource/pt/biblio-1426182
215,lil-586091,2011,Included,Eligibility,,https://pesquisa.bvsalud.org/portal/resource/pt/lil-586091
216,lil-772666,2016,Included,Eligibility,,https://pesquisa.bvsalud.org/portal/resource/pt/lil-772666
217,lil-611879,2011,Included,Eligibility,,https://pesquisa.bvsalud.org/portal/resource/pt/lil-611879
218,lil-626644,2012,Excluded,Eligibility,Clinical or other topic not related to an epidemic,https://pesquisa.bvsalud.org/portal/resource/pt/lil-626644
219,lil-125474,1993,Duplicate,Identification,Already included in the first search round,https://pesquisa.bvsalud.org/portal/resource/pt/lil-125474
220,lil-711726,2014,Excluded,Eligibility,Clinical or other topic not related to an epidemic,https://pesquisa.bvsalud.org/portal/resource/pt/lil-711726
221,lil-453433,2007,Excluded,Screening,"Not a journal article (thesis, book, proceedings or technical document)",https://pesquisa.bvsalud.org/portal/resource/pt/lil-453433
222,lil-757579,2015,Excluded,Screening,"Not a journal article (thesis, book, proceedings or technical document)",https://pesquisa.bvsalud.org/portal/resource/pt/lil-757579
223,lil-545768,2010,Included,Eligibility,,https://pesquisa.bvsalud.org/portal/resource/pt/lil-545768
224,lil-464358,1997,Included,Eligibility,,https://pesquisa.bvsalud.org/portal/resource/pt/lil-464358
225,lil-534316,2009,Included,Eligibility,,https://pesquisa.bvsalud.org/portal/resource/pt/lil-534316
226,biblio-1019708,2019,Included,Eligibility,,https://pesquisa.bvsalud.org/portal/resource/pt/biblio-1019708
227,lil-684639,2013,Included,Eligibility,,https://pesquisa.bvsalud.org/portal/resource/pt/lil-684639
228,lil-460250,2007,Excluded,Screening,Other disease or condition as main outcome,https://pesquisa.bvsalud.org/portal/resource/pt/lil-460250
229,biblio-1041446,2018,Included,Eligibility,,https://pesquisa.bvsalud.org/portal/resource/pt/biblio-1041446
230,lil-671135,2013,Included,Eligibility,,https://pesquisa.bvsalud.org/portal/resource/pt/lil-671135
231,lil-496674,2008,Excluded,Screening,"Vector, entomological or laboratory study without epidemic data",https://pesquisa.bvsalud.org/portal/resource/pt/lil-496674
232,lil-690832,2013,Excluded,Screening,"Vector, entomological or laboratory study without epidemic data",https://pesquisa.bvsalud.org/portal/resource/pt/lil-690832
233,lil-494486,2008,Excluded,Screening,Other disease or condition as main outcome,https://pesquisa.bvsalud.org/portal/resource/pt/lil-494486
234,lil-710692,1998,Excluded,Screening,"Not a journal article (thesis, book, proceedings or technical document)",https://pesquisa.bvsalud.org/portal/resource/pt/lil-710692
235,biblio-843762,2017,Duplicate,Identification,Already included in the first search round,https://pesquisa.bvsalud.org/portal/resource/pt/biblio-843762
236,biblio-842768,2017,Excluded,Screening,Other disease or condition as main outcome,https://pesquisa.bvsalud.org/portal/resource/pt/biblio-842768
237,lil-406673,2005,Included,Eligibility,,https://pesquisa.bvsalud.org/portal/resource/pt/lil-406673
238,lil-700210,2013,Included,Eligibility,,https://pesquisa.bvsalud.org/portal/resource/pt/lil-700210
239,lil-495730,2008,Included,Eligibility,,https://pesquisa.bvsalud.org/portal/resource/pt/lil-495730
240,biblio-1408888,2022,Duplicate,Identification,Already included in the first search round,https://pesquisa.bvsalud.org/portal/resource/pt/biblio-1408888
241,lil-301712,2000,Duplicate,Identification,Already included in the first search round,https://pesquisa.bvsalud.org/portal/resource/pt/lil-301712
242,biblio-1559522,2024,Duplicate,Identification,Already included in the first search round,https://pesquisa.bvsalud.org/portal/resource/pt/biblio-1559522
243,biblio-1357459,2022,Included,Eligibility,,https://pesquisa.bvsalud.org/portal/resource/pt/biblio-1357459
244,biblio-989586,2019,Included,Eligibility,,https://pesquisa.bvsalud.org/portal/resource/pt/biblio-989586
245,lil-574424,2010,Excluded,Screening,"Not a journal article (thesis, book, proceedings or technical document)",https://pesquisa.bvsalud.org/portal/resource/pt/lil-574424
246,lil-746519,2015,Included,Eligibility,,https://pesquisa.bvsalud.org/portal/resource/pt/lil-746519
247,lil-691415,2013,Included,Eligibility,,https://pesquisa.bvsalud.org/portal/resource/pt/lil-691415
248,lil-419948,2005,Excluded,Screening,"Vector, entomological or laboratory study without epidemic data",https://pesquisa.bvsalud.org/portal/resource/pt/lil-419948
249,biblio-961662,2017,Included,Eligibility,,https://pesquisa.bvsalud.org/portal/resource/pt/biblio-961662
250,lil-399917,2005,Included,Eligibility,,https://pesquisa.bvsalud.org/portal/resource/pt/lil-399917
251,biblio-1082805,2016,Excluded,Screening,"Not a journal article (thesis, book, proceedings or technical document)",https://pesquisa.bvsalud.org/portal/resource/pt/biblio-1082805
252,lil-665771,2013,Included,Eligibility,,https://pesquisa.bvsalud.org/portal/resource/pt/lil-665771
253,biblio-1040600,2018,Included,Eligibility,,https://pesquisa.bvsalud.org/portal/resource/pt/biblio-1040600
254,lil-514762,2009,Included,Eligibility,,https://pesquisa.bvsalud.org/portal/resource/pt/lil-514762
255,lil-523579,2009,Excluded,Screening,"Not a journal article (thesis, book, proceedings or technical document)",https://pesquisa.bvsalud.org/portal/resource/pt/lil-523579
256,lil-438352,2006,Excluded,Screening,Clinical or other topic not related to an epidemic,https://pesquisa.bvsalud.org/portal/resource/pt/lil-438352
257,biblio-1055597,2019,Included,Eligibility,,https://pesquisa.bvsalud.org/portal/resource/pt/biblio-1055597
258,biblio-1615097,2025,Duplicate,Identification,Already included in the first search round,https://pesquisa.bvsalud.org/portal/resource/pt/biblio-1615097
259,lil-483057,2008,Excluded,Eligibility,Clinical or other topic not related to an epidemic,https://pesquisa.bvsalud.org/portal/resource/pt/lil-483057
260,biblio-1132837,2020,Included,Eligibility,,https://pesquisa.bvsalud.org/portal/resource/pt/biblio-1132837
261,lil-564297,2010,Excluded,Screening,Other disease or condition as main outcome,https://pesquisa.bvsalud.org/portal/resource/pt/lil-564297
262,lil-489753,2008,Excluded,Screening,"Vector, entomological or laboratory study without epidemic data",https://pesquisa.bvsalud.org/portal/resource/pt/lil-489753
263,lil-533478,2004,Excluded,Screening,"Not a journal article (thesis, book, proceedings or technical document)",https://pesquisa.bvsalud.org/portal/resource/pt/lil-533478
264,lil-529848,2008,Included,Eligibility,,https://pesquisa.bvsalud.org/portal/resource/pt/lil-529848
265,biblio-1039426,2019,Included,Eligibility,,https://pesquisa.bvsalud.org/portal/resource/pt/biblio-1039426
266,lil-445475,2006,Excluded,Screening,"Not a journal article (thesis, book, proceedings or technical document)",https://pesquisa.bvsalud.org/portal/resource/pt/lil-445475
267,biblio-1101140,2020,Included,Eligibility,,https://pesquisa.bvsalud.org/portal/resource/pt/biblio-1101140
268,biblio-1515571,2023,Excluded,Screening,"General review, education, knowledge/attitudes or research-system topic",https://pesquisa.bvsalud.org/portal/resource/pt/biblio-1515571
269,lil-319194,1997,Excluded,Screening,"Not a journal article (thesis, book, proceedings or technical document)",https://pesquisa.bvsalud.org/portal/resource/pt/lil-319194
270,lil-391870,2005,Duplicate,Identification,Already included in the first search round,https://pesquisa.bvsalud.org/portal/resource/pt/lil-391870
271,biblio-903178,2017,Included,Eligibility,,https://pesquisa.bvsalud.org/portal/resource/pt/biblio-903178
272,lil-441057,2006,Included,Eligibility,,https://pesquisa.bvsalud.org/portal/resource/pt/lil-441057
273,lil-790649,2015,Excluded,Screening,"Not a journal article (thesis, book, proceedings or technical document)",https://pesquisa.bvsalud.org/portal/resource/pt/lil-790649
274,biblio-868049,2016,Excluded,Screening,"Not a journal article (thesis, book, proceedings or technical document)",https://pesquisa.bvsalud.org/portal/resource/pt/biblio-868049
275,biblio-1025757,2018,Excluded,Screening,"Not a journal article (thesis, book, proceedings or technical document)",https://pesquisa.bvsalud.org/portal/resource/pt/biblio-1025757
276,lil-574422,2010,Excluded,Screening,"Not a journal article (thesis, book, proceedings or technical document)",https://pesquisa.bvsalud.org/portal/resource/pt/lil-574422
277,biblio-1566906,2024,Included,Eligibility,,https://pesquisa.bvsalud.org/portal/resource/pt/biblio-1566906
278,biblio-1581030,2024,Excluded,Screening,"Not a journal article (thesis, book, proceedings or technical document)",https://pesquisa.bvsalud.org/portal/resource/pt/biblio-1581030
279,lil-798124,2016,Excluded,Screening,Other disease or condition as main outcome,https://pesquisa.bvsalud.org/portal/resource/pt/lil-798124
280,biblio-1568355,2021,Excluded,Screening,"Not a journal article (thesis, book, proceedings or technical document)",https://pesquisa.bvsalud.org/portal/resource/pt/biblio-1568355
281,biblio-1424274,2023,Excluded,Screening,Not specific to Brazil,https://pesquisa.bvsalud.org/portal/resource/pt/biblio-1424274
282,lil-519394,2009,Excluded,Screening,"General review, education, knowledge/attitudes or research-system topic",https://pesquisa.bvsalud.org/portal/resource/pt/lil-519394
283,lil-524799,2009,Included,Eligibility,,https://pesquisa.bvsalud.org/portal/resource/pt/lil-524799
284,lil-544378,2010,Included,Eligibility,,https://pesquisa.bvsalud.org/portal/resource/pt/lil-544378
285,lil-488993,2008,Included,Eligibility,,https://pesquisa.bvsalud.org/portal/resource/pt/lil-488993
286,biblio-1089498,2020,Included,Eligibility,,https://pesquisa.bvsalud.org/portal/resource/pt/biblio-1089498
287,lil-640423,2012,Included,Eligibility,,https://pesquisa.bvsalud.org/portal/resource/pt/lil-640423
288,lil-531154,2009,Included,Eligibility,,https://pesquisa.bvsalud.org/portal/resource/pt/lil-531154
289,lil-465141,2007,Included,Eligibility,,https://pesquisa.bvsalud.org/portal/resource/pt/lil-465141
290,lil-741461,2015,Included,Eligibility,,https://pesquisa.bvsalud.org/portal/resource/pt/lil-741461
291,lil-577635,2009,Included,Eligibility,,https://pesquisa.bvsalud.org/portal/resource/pt/lil-577635
292,lil-716868,2014,Included,Eligibility,,https://pesquisa.bvsalud.org/portal/resource/pt/lil-716868
293,lil-645211,2011,Excluded,Screening,"Not a journal article (thesis, book, proceedings or technical document)",https://pesquisa.bvsalud.org/portal/resource/pt/lil-645211
294,lil-291190,2001,Excluded,Screening,"Vector, entomological or laboratory study without epidemic data",https://pesquisa.bvsalud.org/portal/resource/pt/lil-291190
295,lil-707859,2013,Excluded,Screening,"Not a journal article (thesis, book, proceedings or technical document)",https://pesquisa.bvsalud.org/portal/resource/pt/lil-707859
296,biblio-978879,2019,Duplicate,Identification,Already included in the first search round,https://pesquisa.bvsalud.org/portal/resource/pt/biblio-978879
297,biblio-1646767,2025,Excluded,Screening,"Not a journal article (thesis, book, proceedings or technical document)",https://pesquisa.bvsalud.org/portal/resource/pt/biblio-1646767
298,lil-596435,2011,Excluded,Screening,"Editorial, opinion, letter or narrative piece without original data",https://pesquisa.bvsalud.org/portal/resource/pt/lil-596435
299,lil-69729,1987,Included,Eligibility,,https://pesquisa.bvsalud.org/portal/resource/pt/lil-69729
300,lil-369238,1990,Included,Eligibility,,https://pesquisa.bvsalud.org/portal/resource/pt/lil-369238
301,lil-720585,2014,Included,Eligibility,,https://pesquisa.bvsalud.org/portal/resource/pt/lil-720585
302,biblio-1650807,2025,Excluded,Screening,Other disease or condition as main outcome,https://pesquisa.bvsalud.org/portal/resource/pt/biblio-1650807
303,lil-548479,2010,Included,Eligibility,,https://pesquisa.bvsalud.org/portal/resource/pt/lil-548479
304,biblio-1385079,2022,Duplicate,Identification,Already included in the first search round,https://pesquisa.bvsalud.org/portal/resource/pt/biblio-1385079
305,biblio-1537810,2024,Included,Eligibility,,https://pesquisa.bvsalud.org/portal/resource/pt/biblio-1537810
306,biblio-1710526,2026,Excluded,Screening,Clinical or other topic not related to an epidemic,https://pesquisa.bvsalud.org/portal/resource/pt/biblio-1710526
307,biblio-1101760,2020,Included,Eligibility,,https://pesquisa.bvsalud.org/portal/resource/pt/biblio-1101760
308,biblio-836272,2014,Excluded,Screening,Other disease or condition as main outcome,https://pesquisa.bvsalud.org/portal/resource/pt/biblio-836272
309,lil-653091,2012,Excluded,Screening,"Not a journal article (thesis, book, proceedings or technical document)",https://pesquisa.bvsalud.org/portal/resource/pt/lil-653091
310,lil-507323,2009,Excluded,Screening,"Vector, entomological or laboratory study without epidemic data",https://pesquisa.bvsalud.org/portal/resource/pt/lil-507323
311,lil-419626,2006,Included,Eligibility,,https://pesquisa.bvsalud.org/portal/resource/pt/lil-419626
312,biblio-1646603,2025,Excluded,Screening,"Not a journal article (thesis, book, proceedings or technical document)",https://pesquisa.bvsalud.org/portal/resource/pt/biblio-1646603
313,biblio-828772,2016,Included,Eligibility,,https://pesquisa.bvsalud.org/portal/resource/pt/biblio-828772
314,lil-755979,2015,Included,Eligibility,,https://pesquisa.bvsalud.org/portal/resource/pt/lil-755979
315,lil-618266,2012,Included,Eligibility,,https://pesquisa.bvsalud.org/portal/resource/pt/lil-618266
316,lil-527628,2009,Excluded,Screening,"Not a journal article (thesis, book, proceedings or technical document)",https://pesquisa.bvsalud.org/portal/resource/pt/lil-527628
317,lil-774241,2013,Excluded,Screening,"Not a journal article (thesis, book, proceedings or technical document)",https://pesquisa.bvsalud.org/portal/resource/pt/lil-774241
318,biblio-883752,2017,Excluded,Screening,"General review, education, knowledge/attitudes or research-system topic",https://pesquisa.bvsalud.org/portal/resource/pt/biblio-883752
319,biblio-1538167,2024,Excluded,Screening,Case report or case series,https://pesquisa.bvsalud.org/portal/resource/pt/biblio-1538167
320,lil-612299,2011,Excluded,Screening,"Not a journal article (thesis, book, proceedings or technical document)",https://pesquisa.bvsalud.org/portal/resource/pt/lil-612299
321,lil-520817,2009,Included,Eligibility,,https://pesquisa.bvsalud.org/portal/resource/pt/lil-520817
322,biblio-1417862,2022,Excluded,Screening,Clinical or other topic not related to an epidemic,https://pesquisa.bvsalud.org/portal/resource/pt/biblio-1417862
323,lil-698443,2012,Included,Eligibility,,https://pesquisa.bvsalud.org/portal/resource/pt/lil-698443
324,lil-311375,2001,Excluded,Screening,"Editorial, opinion, letter or narrative piece without original data",https://pesquisa.bvsalud.org/portal/resource/pt/lil-311375
325,lil-517260,2009,Included,Eligibility,,https://pesquisa.bvsalud.org/portal/resource/pt/lil-517260
326,lil-610718,2011,Included,Eligibility,,https://pesquisa.bvsalud.org/portal/resource/pt/lil-610718
327,lil-594084,2010,Excluded,Screening,"Not a journal article (thesis, book, proceedings or technical document)",https://pesquisa.bvsalud.org/portal/resource/pt/lil-594084
328,lil-167489,1995,Excluded,Screening,Not specific to Brazil,https://pesquisa.bvsalud.org/portal/resource/pt/lil-167489
329,lil-201140,1997,Included,Eligibility,,https://pesquisa.bvsalud.org/portal/resource/pt/lil-201140
330,lil-260952,1998,Included,Eligibility,,https://pesquisa.bvsalud.org/portal/resource/pt/lil-260952
331,biblio-1576072,2024,Excluded,Screening,"General review, education, knowledge/attitudes or research-system topic",https://pesquisa.bvsalud.org/portal/resource/pt/biblio-1576072
332,lil-359082,2003,Excluded,Screening,"Editorial, opinion, letter or narrative piece without original data",https://pesquisa.bvsalud.org/portal/resource/pt/lil-359082
333,biblio-1611871,2025,Excluded,Screening,"Not a journal article (thesis, book, proceedings or technical document)",https://pesquisa.bvsalud.org/portal/resource/pt/biblio-1611871
334,lil-756281,2014,Excluded,Screening,"Not a journal article (thesis, book, proceedings or technical document)",https://pesquisa.bvsalud.org/portal/resource/pt/lil-756281
335,lil-203588,1998,Duplicate,Identification,Already included in the first search round,https://pesquisa.bvsalud.org/portal/resource/pt/lil-203588
336,biblio-1702700,2026,Included,Eligibility,,https://pesquisa.bvsalud.org/portal/resource/pt/biblio-1702700
337,biblio-1578401,2015,Excluded,Screening,"Not a journal article (thesis, book, proceedings or technical document)",https://pesquisa.bvsalud.org/portal/resource/pt/biblio-1578401
338,lil-437953,2006,Included,Eligibility,,https://pesquisa.bvsalud.org/portal/resource/pt/lil-437953
339,lil-728911,2014,Excluded,Screening,Other disease or condition as main outcome,https://pesquisa.bvsalud.org/portal/resource/pt/lil-728911
340,lil-670111,2012,Excluded,Screening,"Not a journal article (thesis, book, proceedings or technical document)",https://pesquisa.bvsalud.org/portal/resource/pt/lil-670111
341,biblio-839716,2017,Excluded,Screening,Clinical or other topic not related to an epidemic,https://pesquisa.bvsalud.org/portal/resource/pt/biblio-839716
342,lil-762493,2014,Excluded,Screening,"Not a journal article (thesis, book, proceedings or technical document)",https://pesquisa.bvsalud.org/portal/resource/pt/lil-762493
343,lil-724258,2014,Included,Eligibility,,https://pesquisa.bvsalud.org/portal/resource/pt/lil-724258
344,biblio-1135264,2020,Duplicate,Identification,Duplicate record within LILACS,https://pesquisa.bvsalud.org/portal/resource/pt/biblio-1135264
345,lil-496841,2008,Excluded,Screening,"Not a journal article (thesis, book, proceedings or technical document)",https://pesquisa.bvsalud.org/portal/resource/pt/lil-496841
346,lil-697718,2014,Included,Eligibility,,https://pesquisa.bvsalud.org/portal/resource/pt/lil-697718
347,biblio-870271,2016,Excluded,Screening,"Not a journal article (thesis, book, proceedings or technical document)",https://pesquisa.bvsalud.org/portal/resource/pt/biblio-870271
348,biblio-1705056,2021,Duplicate,Identification,Already included in the first search round,https://pesquisa.bvsalud.org/portal/resource/pt/biblio-1705056
349,lil-641714,2012,Excluded,Eligibility,"General review, education, knowledge/attitudes or research-system topic",https://pesquisa.bvsalud.org/portal/resource/pt/lil-641714
350,lil-596721,2010,Excluded,Screening,"Not a journal article (thesis, book, proceedings or technical document)",https://pesquisa.bvsalud.org/portal/resource/pt/lil-596721
351,lil-671136,2013,Included,Eligibility,,https://pesquisa.bvsalud.org/portal/resource/pt/lil-671136
352,biblio-909689,2018,Excluded,Screening,"Not a journal article (thesis, book, proceedings or technical document)",https://pesquisa.bvsalud.org/portal/resource/pt/biblio-909689
353,lil-751006,2014,Excluded,Screening,"Not a journal article (thesis, book, proceedings or technical document)",https://pesquisa.bvsalud.org/portal/resource/pt/lil-751006
354,biblio-1100971,2020,Excluded,Screening,Not specific to Brazil,https://pesquisa.bvsalud.org/portal/resource/pt/biblio-1100971
355,lil-470541,2007,Included,Eligibility,,https://pesquisa.bvsalud.org/portal/resource/pt/lil-470541
356,lil-320576,1993,Duplicate,Identification,Already included in the first search round,https://pesquisa.bvsalud.org/portal/resource/pt/lil-320576
357,biblio-1001011,2016,Excluded,Screening,"Not a journal article (thesis, book, proceedings or technical document)",https://pesquisa.bvsalud.org/portal/resource/pt/biblio-1001011
358,biblio-1002688,2019,Excluded,Screening,"Vector, entomological or laboratory study without epidemic data",https://pesquisa.bvsalud.org/portal/resource/pt/biblio-1002688
359,lil-76121,1989,Excluded,Screening,"Not a journal article (thesis, book, proceedings or technical document)",https://pesquisa.bvsalud.org/portal/resource/pt/lil-76121
360,lil-691294,2013,Included,Eligibility,,https://pesquisa.bvsalud.org/portal/resource/pt/lil-691294
361,lil-774244,2014,Excluded,Screening,"Not a journal article (thesis, book, proceedings or technical document)",https://pesquisa.bvsalud.org/portal/resource/pt/lil-774244
362,lil-643562,2012,Excluded,Screening,"Not a journal article (thesis, book, proceedings or technical document)",https://pesquisa.bvsalud.org/portal/resource/pt/lil-643562
363,biblio-1581605,2024,Excluded,Screening,Not specific to Brazil,https://pesquisa.bvsalud.org/portal/resource/pt/biblio-1581605
364,lil-512160,2008,Excluded,Screening,"Editorial, opinion, letter or narrative piece without original data",https://pesquisa.bvsalud.org/portal/resource/pt/lil-512160
365,biblio-1580085,2024,Excluded,Screening,"Not a journal article (thesis, book, proceedings or technical document)",https://pesquisa.bvsalud.org/portal/resource/pt/biblio-1580085
366,lil-455209,2007,Excluded,Screening,"Not a journal article (thesis, book, proceedings or technical document)",https://pesquisa.bvsalud.org/portal/resource/pt/lil-455209
367,lil-484724,2007,Excluded,Screening,"General review, education, knowledge/attitudes or research-system topic",https://pesquisa.bvsalud.org/portal/resource/pt/lil-484724
368,biblio-967194,2018,Included,Eligibility,,https://pesquisa.bvsalud.org/portal/resource/pt/biblio-967194
369,lil-526671,2008,Excluded,Screening,"Not a journal article (thesis, book, proceedings or technical document)",https://pesquisa.bvsalud.org/portal/resource/pt/lil-526671
370,biblio-1575869,2024,Duplicate,Identification,Already included in the first search round,https://pesquisa.bvsalud.org/portal/resource/pt/biblio-1575869
371,lil-218599,1998,Excluded,Screening,"Not a journal article (thesis, book, proceedings or technical document)",https://pesquisa.bvsalud.org/portal/resource/pt/lil-218599
372,lil-405323,2005,Duplicate,Identification,Already included in the first search round,https://pesquisa.bvsalud.org/portal/resource/pt/lil-405323
373,lil-678657,2011,Included,Eligibility,,https://pesquisa.bvsalud.org/portal/resource/pt/lil-678657
374,lil-164196,1996,Excluded,Screening,"Not a journal article (thesis, book, proceedings or technical document)",https://pesquisa.bvsalud.org/portal/resource/pt/lil-164196
375,lil-224947,1998,Excluded,Screening,Case report or case series,https://pesquisa.bvsalud.org/portal/resource/pt/lil-224947
376,lil-753043,2015,Excluded,Screening,"Editorial, opinion, letter or narrative piece without original data",https://pesquisa.bvsalud.org/portal/resource/pt/lil-753043
377,lil-538405,2009,Excluded,Screening,"General review, education, knowledge/attitudes or research-system topic",https://pesquisa.bvsalud.org/portal/resource/pt/lil-538405
378,lil-426310,2006,Duplicate,Identification,Already included in the first search round,https://pesquisa.bvsalud.org/portal/resource/pt/lil-426310
379,lil-588817,2010,Included,Eligibility,,https://pesquisa.bvsalud.org/portal/resource/pt/lil-588817
380,biblio-1705080,2021,Duplicate,Identification,Already included in the first search round,https://pesquisa.bvsalud.org/portal/resource/pt/biblio-1705080
381,lil-614896,2012,Included,Eligibility,,https://pesquisa.bvsalud.org/portal/resource/pt/lil-614896
382,lil-402226,2004,Excluded,Screening,Case report or case series,https://pesquisa.bvsalud.org/portal/resource/pt/lil-402226
383,lil-527813,2007,Included,Eligibility,,https://pesquisa.bvsalud.org/portal/resource/pt/lil-527813
384,lil-485337,2008,Excluded,Screening,"Editorial, opinion, letter or narrative piece without original data",https://pesquisa.bvsalud.org/portal/resource/pt/lil-485337
385,lil-772791,2013,Excluded,Screening,"Not a journal article (thesis, book, proceedings or technical document)",https://pesquisa.bvsalud.org/portal/resource/pt/lil-772791
386,biblio-1281177,2009,Excluded,Screening,"Not a journal article (thesis, book, proceedings or technical document)",https://pesquisa.bvsalud.org/portal/resource/pt/biblio-1281177
387,biblio-1565361,2024,Excluded,Screening,Clinical or other topic not related to an epidemic,https://pesquisa.bvsalud.org/portal/resource/pt/biblio-1565361
388,biblio-1571711,2024,Excluded,Screening,"Not a journal article (thesis, book, proceedings or technical document)",https://pesquisa.bvsalud.org/portal/resource/pt/biblio-1571711
389,biblio-1602562,2024,Excluded,Screening,"Editorial, opinion, letter or narrative piece without original data",https://pesquisa.bvsalud.org/portal/resource/pt/biblio-1602562
390,lil-499516,2007,Included,Eligibility,,https://pesquisa.bvsalud.org/portal/resource/pt/lil-499516
391,biblio-1584517,2024,Excluded,Screening,"Editorial, opinion, letter or narrative piece without original data",https://pesquisa.bvsalud.org/portal/resource/pt/biblio-1584517
392,biblio-1673082,2023,Excluded,Screening,Not specific to Brazil,https://pesquisa.bvsalud.org/portal/resource/pt/biblio-1673082
393,lil-510131,2009,Excluded,Screening,"Vector, entomological or laboratory study without epidemic data",https://pesquisa.bvsalud.org/portal/resource/pt/lil-510131
394,lil-606873,2011,Excluded,Screening,"General review, education, knowledge/attitudes or research-system topic",https://pesquisa.bvsalud.org/portal/resource/pt/lil-606873
395,lil-749047,2015,Excluded,Screening,"General review, education, knowledge/attitudes or research-system topic",https://pesquisa.bvsalud.org/portal/resource/pt/lil-749047
396,lil-760548,2014,Excluded,Screening,"Not a journal article (thesis, book, proceedings or technical document)",https://pesquisa.bvsalud.org/portal/resource/pt/lil-760548
397,lil-285682,2001,Excluded,Eligibility,Case report or case series,https://pesquisa.bvsalud.org/portal/resource/pt/lil-285682
398,biblio-1714185,2025,Excluded,Screening,Not specific to Brazil,https://pesquisa.bvsalud.org/portal/resource/pt/biblio-1714185
399,lil-320575,1993,Duplicate,Identification,Already included in the first search round,https://pesquisa.bvsalud.org/portal/resource/pt/lil-320575
400,biblio-1642197,2025,Excluded,Screening,"General review, education, knowledge/attitudes or research-system topic",https://pesquisa.bvsalud.org/portal/resource/pt/biblio-1642197
401,biblio-940885,2014,Excluded,Screening,"Not a journal article (thesis, book, proceedings or technical document)",https://pesquisa.bvsalud.org/portal/resource/pt/biblio-940885
402,biblio-1650256,2026,Excluded,Screening,Not specific to Brazil,https://pesquisa.bvsalud.org/portal/resource/pt/biblio-1650256
403,biblio-1360820,2022,Duplicate,Identification,Already included in the first search round,https://pesquisa.bvsalud.org/portal/resource/pt/biblio-1360820
404,lil-352386,2003,Included,Eligibility,,https://pesquisa.bvsalud.org/portal/resource/pt/lil-352386
405,lil-458634,2007,Excluded,Screening,"Vector, entomological or laboratory study without epidemic data",https://pesquisa.bvsalud.org/portal/resource/pt/lil-458634
406,lil-431731,2006,Included,Eligibility,,https://pesquisa.bvsalud.org/portal/resource/pt/lil-431731
407,biblio-834039,2016,Included,Eligibility,,https://pesquisa.bvsalud.org/portal/resource/pt/biblio-834039
408,lil-774114,2014,Excluded,Screening,"Not a journal article (thesis, book, proceedings or technical document)",https://pesquisa.bvsalud.org/portal/resource/pt/lil-774114
409,lil-165553,1995,Excluded,Screening,"Not a journal article (thesis, book, proceedings or technical document)",https://pesquisa.bvsalud.org/portal/resource/pt/lil-165553
410,lil-216723,1998,Included,Eligibility,,https://pesquisa.bvsalud.org/portal/resource/pt/lil-216723
411,biblio-983601,2016,Excluded,Screening,"Not a journal article (thesis, book, proceedings or technical document)",https://pesquisa.bvsalud.org/portal/resource/pt/biblio-983601
412,biblio-1010174,2018,Excluded,Screening,Other disease or condition as main outcome,https://pesquisa.bvsalud.org/portal/resource/pt/biblio-1010174
413,biblio-1593309,2024,Excluded,Screening,Other disease or condition as main outcome,https://pesquisa.bvsalud.org/portal/resource/pt/biblio-1593309
414,lil-365627,2004,Included,Eligibility,,https://pesquisa.bvsalud.org/portal/resource/pt/lil-365627
415,biblio-828370,2016,Included,Eligibility,,https://pesquisa.bvsalud.org/portal/resource/pt/biblio-828370
416,lil-387900,2004,Excluded,Screening,"Vector, entomological or laboratory study without epidemic data",https://pesquisa.bvsalud.org/portal/resource/pt/lil-387900
417,biblio-1056051,2020,Excluded,Screening,"Vector, entomological or laboratory study without epidemic data",https://pesquisa.bvsalud.org/portal/resource/pt/biblio-1056051
418,lil-116372,1992,Excluded,Screening,"Vector, entomological or laboratory study without epidemic data",https://pesquisa.bvsalud.org/portal/resource/pt/lil-116372
419,biblio-1134686,2020,Included,Eligibility,,https://pesquisa.bvsalud.org/portal/resource/pt/biblio-1134686
420,lil-649498,2012,Included,Eligibility,,https://pesquisa.bvsalud.org/portal/resource/pt/lil-649498
421,lil-320160,2002,Excluded,Screening,"Vector, entomological or laboratory study without epidemic data",https://pesquisa.bvsalud.org/portal/resource/pt/lil-320160
422,lil-263741,1998,Duplicate,Identification,Already included in the first search round,https://pesquisa.bvsalud.org/portal/resource/pt/lil-263741
423,biblio-1051551,2019,Excluded,Screening,"General review, education, knowledge/attitudes or research-system topic",https://pesquisa.bvsalud.org/portal/resource/pt/biblio-1051551
424,lil-440583,2006,Excluded,Screening,Case report or case series,https://pesquisa.bvsalud.org/portal/resource/pt/lil-440583
425,lil-348691,2002,Included,Eligibility,,https://pesquisa.bvsalud.org/portal/resource/pt/lil-348691
426,biblio-1101443,2020,Included,Eligibility,,https://pesquisa.bvsalud.org/portal/resource/pt/biblio-1101443
427,lil-710196,2014,Included,Eligibility,,https://pesquisa.bvsalud.org/portal/resource/pt/lil-710196
428,lil-216106,1998,Excluded,Screening,Case report or case series,https://pesquisa.bvsalud.org/portal/resource/pt/lil-216106
429,lil-775203,2016,Excluded,Screening,"Vector, entomological or laboratory study without epidemic data",https://pesquisa.bvsalud.org/portal/resource/pt/lil-775203
430,biblio-1649490,2025,Excluded,Screening,"Vector, entomological or laboratory study without epidemic data",https://pesquisa.bvsalud.org/portal/resource/pt/biblio-1649490
431,lil-280528,1982,Included,Eligibility,,https://pesquisa.bvsalud.org/portal/resource/pt/lil-280528
432,lil-538178,2009,Excluded,Screening,"Vector, entomological or laboratory study without epidemic data",https://pesquisa.bvsalud.org/portal/resource/pt/lil-538178
433,lil-771332,2014,Included,Eligibility,,https://pesquisa.bvsalud.org/portal/resource/pt/lil-771332
434,lil-655633,2012,Excluded,Screening,"Not a journal article (thesis, book, proceedings or technical document)",https://pesquisa.bvsalud.org/portal/resource/pt/lil-655633
435,biblio-898437,2018,Excluded,Screening,"General review, education, knowledge/attitudes or research-system topic",https://pesquisa.bvsalud.org/portal/resource/pt/biblio-898437
436,biblio-1278571,2021,Excluded,Screening,"Vector, entomological or laboratory study without epidemic data",https://pesquisa.bvsalud.org/portal/resource/pt/biblio-1278571
437,biblio-1441084,2023,Duplicate,Identification,Already included in the first search round,https://pesquisa.bvsalud.org/portal/resource/pt/biblio-1441084
438,biblio-1387545,2022,Included,Eligibility,,https://pesquisa.bvsalud.org/portal/resource/pt/biblio-1387545
439,biblio-1406992,2022,Included,Eligibility,,https://pesquisa.bvsalud.org/portal/resource/pt/biblio-1406992
440,lil-325541,2002,Included,Eligibility,,https://pesquisa.bvsalud.org/portal/resource/pt/lil-325541
441,lil-218425,1998,Duplicate,Identification,Already included in the first search round,https://pesquisa.bvsalud.org/portal/resource/pt/lil-218425
442,lil-771080,2016,Excluded,Screening,"Vector, entomological or laboratory study without epidemic data",https://pesquisa.bvsalud.org/portal/resource/pt/lil-771080
443,biblio-1387342,2022,Excluded,Screening,"Editorial, opinion, letter or narrative piece without original data",https://pesquisa.bvsalud.org/portal/resource/pt/biblio-1387342
444,lil-357655,2003,Excluded,Screening,Case report or case series,https://pesquisa.bvsalud.org/portal/resource/pt/lil-357655
445,biblio-1650234,2025,Excluded,Screening,Clinical or other topic not related to an epidemic,https://pesquisa.bvsalud.org/portal/resource/pt/biblio-1650234
446,lil-529566,2009,Excluded,Screening,"Vector, entomological or laboratory study without epidemic data",https://pesquisa.bvsalud.org/portal/resource/pt/lil-529566
447,biblio-1089331,2020,Included,Eligibility,,https://pesquisa.bvsalud.org/portal/resource/pt/biblio-1089331
448,biblio-913422,2017,Included,Eligibility,,https://pesquisa.bvsalud.org/portal/resource/pt/biblio-913422
449,biblio-1676701,2012,Included,Eligibility,,https://pesquisa.bvsalud.org/portal/resource/pt/biblio-1676701
450,biblio-1154768,2021,Excluded,Screening,Other disease or condition as main outcome,https://pesquisa.bvsalud.org/portal/resource/pt/biblio-1154768
451,biblio-1705105,2022,Duplicate,Identification,Already included in the first search round,https://pesquisa.bvsalud.org/portal/resource/pt/biblio-1705105
452,biblio-1560371,2024,Included,Eligibility,,https://pesquisa.bvsalud.org/portal/resource/pt/biblio-1560371
453,lil-502280,2008,Excluded,Screening,Case report or case series,https://pesquisa.bvsalud.org/portal/resource/pt/lil-502280
454,lil-742970,2015,Excluded,Screening,"Vector, entomological or laboratory study without epidemic data",https://pesquisa.bvsalud.org/portal/resource/pt/lil-742970
455,lil-551252,2009,Excluded,Screening,"Editorial, opinion, letter or narrative piece without original data",https://pesquisa.bvsalud.org/portal/resource/pt/lil-551252
456,lil-427857,2004,Included,Eligibility,,https://pesquisa.bvsalud.org/portal/resource/pt/lil-427857
457,lil-348863,2003,Excluded,Screening,"Not a journal article (thesis, book, proceedings or technical document)",https://pesquisa.bvsalud.org/portal/resource/pt/lil-348863
458,lil-401712,2004,Excluded,Screening,"General review, education, knowledge/attitudes or research-system topic",https://pesquisa.bvsalud.org/portal/resource/pt/lil-401712
