id,serotype,year,states,region
1,DENV-1,1981,RR,North
1,DENV-1,1982,RR,North
1,DENV-4,1981,RR,North
1,DENV-4,1982,RR,North
2,DENV-1,1986,RJ,Southeast
3,DENV-1,1986,RJ,Southeast
4,DENV-2,1990,RJ,Southeast
5,DENV-1,1990,SP,Southeast
5,DENV-1,1991,SP,Southeast
6,DENV-1,1990,SP,Southeast
6,DENV-1,1991,SP,Southeast
7,DENV-1,1986,RJ,Southeast
7,DENV-1,1987,RJ,Southeast
12,DENV-2,1994,BA,Northeast
13,DENV-1,1995,SP,Southeast
15,DENV-2,1994,CE,Northeast
16,DENV-1,1997,RN,Northeast
16,DENV-2,1997,RN,Northeast
17,DENV-1,1995,SP,Southeast
18,DENV-1,1995,MA,Northeast
18,DENV-1,1996,MA,Northeast
20,DENV-1,1987,BA,Northeast
20,DENV-2,1995,BA,Northeast
21,DENV-3,2000,RJ,Southeast
21,DENV-3,2001,RJ,Southeast
22,DENV-1,1995,BA,Northeast
22,DENV-1,1996,BA,Northeast
22,DENV-1,1997,BA,Northeast
22,DENV-1,1998,BA,Northeast
22,DENV-1,1999,BA,Northeast
22,DENV-2,1995,BA,Northeast
22,DENV-2,1996,BA,Northeast
22,DENV-2,1997,BA,Northeast
22,DENV-2,1998,BA,Northeast
22,DENV-2,1999,BA,Northeast
25,DENV-1,1998,ES,Southeast
27,DENV-1,2001,RJ,Southeast
27,DENV-1,2002,RJ,Southeast
27,DENV-2,2001,RJ,Southeast
27,DENV-2,2002,RJ,Southeast
27,DENV-3,2001,RJ,Southeast
27,DENV-3,2002,RJ,Southeast
29,DENV-1,2000,RJ,Southeast
29,DENV-1,2001,RJ,Southeast
29,DENV-2,2000,RJ,Southeast
29,DENV-2,2001,RJ,Southeast
29,DENV-3,2000,RJ,Southeast
29,DENV-3,2001,RJ,Southeast
31,DENV-1,1997,MA,Northeast
31,DENV-1,1998,MA,Northeast
31,DENV-2,2001,MA,Northeast
31,DENV-3,2002,MA,Northeast
32,DENV-1,2001,RJ,Southeast
32,DENV-1,2002,RJ,Southeast
32,DENV-2,2001,RJ,Southeast
32,DENV-2,2002,RJ,Southeast
32,DENV-3,2001,RJ,Southeast
32,DENV-3,2002,RJ,Southeast
34,DENV-3,2002,RJ,Southeast
36,DENV-1,1990,SP,Southeast
36,DENV-1,1991,SP,Southeast
36,DENV-1,1992,SP,Southeast
36,DENV-1,1993,SP,Southeast
36,DENV-1,1994,SP,Southeast
36,DENV-1,1995,SP,Southeast
36,DENV-1,1996,SP,Southeast
36,DENV-1,1997,SP,Southeast
36,DENV-1,1998,SP,Southeast
36,DENV-1,1999,SP,Southeast
36,DENV-1,2000,SP,Southeast
36,DENV-1,2001,SP,Southeast
36,DENV-1,2002,SP,Southeast
36,DENV-2,1996,SP,Southeast
36,DENV-2,1997,SP,Southeast
36,DENV-2,1998,SP,Southeast
36,DENV-2,1999,SP,Southeast
36,DENV-2,2000,SP,Southeast
36,DENV-2,2001,SP,Southeast
36,DENV-2,2002,SP,Southeast
37,DENV-3,2002,RJ,Southeast
38,DENV-1,1988,BR,National
38,DENV-1,1989,BR,National
38,DENV-1,1990,BR,National
38,DENV-1,1991,BR,National
38,DENV-1,1992,BR,National
38,DENV-1,1993,BR,National
38,DENV-1,1994,BR,National
38,DENV-1,1995,BR,National
38,DENV-1,1996,BR,National
38,DENV-1,1997,BR,National
38,DENV-1,1998,BR,National
38,DENV-1,1999,BR,National
38,DENV-1,2000,BR,National
38,DENV-1,2001,BR,National
38,DENV-2,1990,BR,National
38,DENV-2,1991,BR,National
38,DENV-2,1992,BR,National
38,DENV-2,1993,BR,National
38,DENV-2,1994,BR,National
38,DENV-2,1995,BR,National
38,DENV-2,1996,BR,National
38,DENV-2,1997,BR,National
38,DENV-2,1998,BR,National
38,DENV-2,1999,BR,National
38,DENV-2,2000,BR,National
38,DENV-2,2001,BR,National
43,DENV-1,1996,SP,Southeast
43,DENV-1,1997,SP,Southeast
43,DENV-1,1998,SP,Southeast
43,DENV-2,1996,SP,Southeast
43,DENV-2,1997,SP,Southeast
43,DENV-2,1998,SP,Southeast
44,DENV-3,2002,BA,Northeast
44,DENV-3,2003,BA,Northeast
44,DENV-1,2002,BA,Northeast
44,DENV-1,2003,BA,Northeast
44,DENV-2,2002,BA,Northeast
44,DENV-2,2003,BA,Northeast
45,DENV-1,2001,RO,North
45,DENV-1,2002,RO,North
45,DENV-1,2003,RO,North
46,DENV-3,2001,RJ,Southeast
46,DENV-3,2002,RJ,Southeast
46,DENV-2,2001,RJ,Southeast
47,DENV-3,2002,RJ,Southeast
49,DENV-3,2006,SP,Southeast
51,DENV-3,2003,CE,Northeast
53,DENV-4,2010,RR,North
55,DENV-1,2000,BR,National
55,DENV-1,2001,BR,National
55,DENV-1,2002,BR,National
55,DENV-3,2003,BR,National
55,DENV-3,2004,BR,National
55,DENV-3,2005,BR,National
55,DENV-3,2006,BR,National
55,DENV-2,2007,BR,National
55,DENV-2,2008,BR,National
55,DENV-2,2009,BR,National
55,DENV-2,2010,BR,National
56,DENV-2,2006,PI,Northeast
56,DENV-2,2007,PI,Northeast
57,DENV-1,2011,CE,Northeast
57,DENV-3,2011,CE,Northeast
57,DENV-4,2011,CE,Northeast
58,DENV-2,2008,RJ,Southeast
59,DENV-1,2011,AM,North
59,DENV-2,2011,AM,North
59,DENV-3,2011,AM,North
59,DENV-4,2011,AM,North
60,DENV-1,2011,CE,Northeast
60,DENV-1,2012,CE,Northeast
60,DENV-3,2011,CE,Northeast
60,DENV-3,2012,CE,Northeast
60,DENV-4,2011,CE,Northeast
60,DENV-4,2012,CE,Northeast
62,DENV-4,2012,MT,Central-West
62,DENV-1,2012,MT,Central-West
63,DENV-2,2009,BA,Northeast
64,DENV-4,2012,RJ;PE,Northeast;Southeast
65,DENV-4,2013,RJ,Southeast
67,DENV-2,1990,RJ,Southeast
67,DENV-2,1998,RJ,Southeast
67,DENV-2,2008,RJ,Southeast
69,DENV-4,2012,RJ,Southeast
70,DENV-4,2012,GO,Central-West
70,DENV-4,2013,GO,Central-West
70,DENV-1,2012,GO,Central-West
70,DENV-1,2013,GO,Central-West
70,DENV-3,2012,GO,Central-West
70,DENV-3,2013,GO,Central-West
70,DENV-2,2012,GO,Central-West
70,DENV-2,2013,GO,Central-West
73,DENV-1,2001,CE,Northeast
73,DENV-2,2001,CE,Northeast
73,DENV-3,2006,CE,Northeast
73,DENV-2,2008,CE,Northeast
73,DENV-1,2011,CE,Northeast
73,DENV-4,2012,CE,Northeast
74,DENV-4,2012,CE,Northeast
74,DENV-1,2012,CE,Northeast
74,DENV-3,2012,CE,Northeast
78,DENV-1,2015,SC,South
78,DENV-1,2016,SC,South
79,DENV-1,2010,DF,Central-West
79,DENV-2,2010,DF,Central-West
79,DENV-3,2010,DF,Central-West
79,DENV-1,2013,DF,Central-West
79,DENV-1,2014,DF,Central-West
79,DENV-4,2013,DF,Central-West
82,DENV-1,2007,SP,Southeast
82,DENV-3,2007,SP,Southeast
82,DENV-1,2015,SP,Southeast
84,DENV-3,2007,SP,Southeast
84,DENV-1,2014,SP,Southeast
84,DENV-1,2015,SP,Southeast
85,DENV-1,2000,SP,Southeast
85,DENV-2,2000,SP,Southeast
85,DENV-3,2003,SP,Southeast
85,DENV-1,2010,SP,Southeast
85,DENV-4,2010,SP,Southeast
85,DENV-4,2013,SP,Southeast
85,DENV-4,2014,SP,Southeast
85,DENV-4,2015,SP,Southeast
86,DENV-2,2008,RJ,Southeast
86,DENV-4,2012,RJ,Southeast
87,DENV-1,1986,RJ,Southeast
87,DENV-1,1987,RJ,Southeast
90,DENV-1,2022,RS,South
93,DENV-1,2011,MG,Southeast
93,DENV-1,2012,MG,Southeast
93,DENV-1,2013,MG,Southeast
93,DENV-1,2014,MG,Southeast
93,DENV-1,2015,MG,Southeast
93,DENV-1,2016,MG,Southeast
93,DENV-1,2017,MG,Southeast
93,DENV-4,2011,MG,Southeast
93,DENV-4,2012,MG,Southeast
93,DENV-4,2013,MG,Southeast
93,DENV-4,2014,MG,Southeast
93,DENV-4,2015,MG,Southeast
93,DENV-4,2016,MG,Southeast
93,DENV-4,2017,MG,Southeast
96,DENV-1,2024,SP,Southeast
96,DENV-2,2024,SP,Southeast
98,DENV-1,2014,BR,National
98,DENV-1,2015,BR,National
98,DENV-1,2016,BR,National
98,DENV-1,2017,BR,National
98,DENV-1,2018,BR,National
98,DENV-1,2019,BR,National
98,DENV-1,2020,BR,National
98,DENV-1,2021,BR,National
98,DENV-1,2022,BR,National
98,DENV-1,2023,BR,National
98,DENV-2,2014,BR,National
98,DENV-2,2015,BR,National
98,DENV-2,2016,BR,National
98,DENV-2,2017,BR,National
98,DENV-2,2018,BR,National
98,DENV-2,2019,BR,National
98,DENV-2,2020,BR,National
98,DENV-2,2021,BR,National
98,DENV-2,2022,BR,National
98,DENV-2,2023,BR,National
98,DENV-3,2023,BR,National
100,DENV-3,2023,BR,National
100,DENV-3,2024,BR,National
100,DENV-3,2025,BR,National
100,DENV-1,2023,BR,National
100,DENV-1,2024,BR,National
100,DENV-1,2025,BR,National
100,DENV-2,2023,BR,National
100,DENV-2,2024,BR,National
100,DENV-2,2025,BR,National
101,DENV-1,2022,MG,Southeast
101,DENV-1,2023,MG,Southeast
101,DENV-1,2024,MG,Southeast
102,DENV-1,2024,MG,Southeast
102,DENV-2,2024,MG,Southeast
102,DENV-3,2024,MG,Southeast
