Characteristic,n (%)
Publication period,
   1981-1990,4 (3.9)
   1991-2000,16 (15.5)
   2001-2010,31 (30.1)
   2011-2020,29 (28.2)
   2021-2026,23 (22.3)
Language of publication,
   English,72 (69.9)
   Portuguese,27 (26.2)
   Spanish,3 (2.9)
   English/Portuguese,1 (1.0)
Database where retrieved (not mutually exclusive),
   PubMed,58 (56.3)
   SciELO,46 (44.7)
   ScienceDirect,8 (7.8)
   SciSpace,6 (5.8)
Region of study (not mutually exclusive),
   Southeast,49 (47.6)
   Northeast,20 (19.4)
   North,8 (7.8)
   Central-West,5 (4.9)
   South,2 (1.9)
   National,20 (19.4)
Spatial scale,
   Municipal,56 (54.4)
   State,26 (25.2)
   Multi-state,2 (1.9)
   National,19 (18.4)
Study design/focus,
"   Virological, molecular or genomic",22 (21.4)
   Descriptive/surveillance epidemiology,18 (17.5)
"   Clinical course, severity and mortality",16 (15.5)
"   Spatial, ecological and determinant analysis",13 (12.6)
   Seroepidemiological survey,11 (10.7)
   Diagnosis and surveillance performance,7 (6.8)
   Review or historical analysis,7 (6.8)
"   Control, vaccines and health-system response",7 (6.8)
   Mathematical modelling,2 (1.9)
Source of serotype information,
   Title/abstract,51 (49.5)
   Full text,28 (27.2)
   Inferred from context,5 (4.9)
   Not reported/not typed,14 (13.6)
   Not applicable,5 (4.9)
