key,pmid,doi,manual
bhatt2013,23563266,,
guzman2015,25230594,,
gubler1998,9665979,,
arksey2005,,10.1080/1364557032000119616,
levac2010,20854677,,
peters2020,33038124,,
tricco2018,30178033,,
catao2012,,,1
lowe2021,33838736,,
rodriguez2019,30733412,,
utarini2021,34107180,,
biswal2019,31693803,,
kallas2024,38294972,,
osanai1983,6879054,,
schatzmayr1986,,10.1590/s0074-02761986000200019,
nogueira1990,,10.1590/s0074-02761990000200022,
dietz1990,2180282,,
miagostovich1993,,10.1590/s0036-46651993000200006,
nogueira1995,,10.1590/s0036-46651995000600006,
vasconcelos1998,,10.1590/s0034-89101998000500007,
cunha1999,,10.1016/S0035-9203(99)90008-1,
teixeira2002,,10.1046/j.1365-3156.2002.00930.x,
nogueira2001,,10.1590/s0074-02762001000700007,
nogueira2005,,10.3201/eid1109.041043,
siqueira2005,,10.3201/eid1101.031091,
teixeira2005,,10.1590/s0102-311x2005000500002,
teixeira2009,,10.1590/s0102-311x2009001300002,
teixeira2013,,10.1371/journal.pntd.0002520,
melo2007,,10.1590/S0074-02762007000800003,
casali2004,,10.1590/s0037-86822004000400002,
passos2004,,10.1590/s0037-86822004000400001,
temporao2011,,10.3201/eid1705.101681,
nunes2016,,10.1002/jmv.24464,
heinen2015,,10.1590/S0036-46652015000600005,
ramalho2018,,10.1590/0074-02760180320,
faria2017,,10.1038/s41598-017-15152-8,
rocha2017,,10.1186/s40249-017-0328-9,
oliveira2018,,10.5123/s1679-49742018000100014,
nunes2018,,10.1186/s12879-018-3255-x,
nunes2019,,10.1186/s12889-019-6641-4,
araujo2017,,10.1590/1980-5497201700050017,
bezerra2021,,10.1590/1980-549720210020,
andrioli2020,,10.5123/s1679-49742020000400007,
gularte2023,,10.1016/j.jcv.2023.105599,
gurgel2024,,10.1590/0037-8682-0113-2024,
anders2025,,10.3390/tropicalmed10090237,
ranzani2025,40845862,10.1016/S1473-3099(25)00382-2,
ferreira2026,,10.1016/j.lana.2026.101521,
silva2025,,10.1590/S2237-96222025v34e20240424.en,
barberia2026,,10.1111/tmi.70153,
lopes2026,,10.1016/j.watres.2026.125962,
gibson2014,,10.1590/0037-8682-0223-2014,
hokerberg2022,,10.1590/0037-8682-0290-2021,
santana2022,,10.1590/S1678-9946202264030,
johansen2021,,10.1590/0102-311X00079620,
vernal2021,,10.1590/S1678-9946202163070,
drumond2020,,10.1590/1413-81232020255.32952019,
toledo2006,,10.1590/s0102-311x2006000500006,
lima2007,,10.1590/s0102-311x2007000300025,
siqueira2004,15569799,,
sabino2015,,10.1093/infdis/jiv326,
costa2011,,10.1590/S0037-86822011000400014,
oliveiraMA2018,,10.18294/sc.2018.1206,
cavalcanti2015,,10.1590/0037-8682-0287-2015,
cavalcanti2014,,10.1590/0074-0276140384,
buonora2016,,10.1186/s12879-016-1368-7,
gibson2013,,10.1590/s0102-311x2013000100010,
vicente2026,,10.1016/j.ijid.2026.109084,
pereira2026,,10.1002/jmv.70805,
nogueira1999,10419380,,
cordeiro2007,18200409,,
montenegro2006,16501759,,
jesus2020,32428189,,
paixao2015,26312928,,
moraes2009,19936474,,
rabelo2020,32556043,,
burattini2016,27626476,,
vasconcelos1995,8525272,,
almeida2009,19649472,,
caprara2009,19287857,,
marques2020,32159659,,
werneck2018,30043823,,
melo2010,20464142,,
